﻿Designator,Quantity,Value,Footprint,Package,MPN,DNP,Mount_Type,Description,LCSC
"A, E, F, G, M, S, T",7,R_0603_1608Metric,R_0603_1608Metric,,,,smt,,
BATTERY1,1,1775485-2,CONN3_1775485-1_TEC,,,,tht,,
C1,1,10uF,CP_Radial_D5.0mm_P2.00mm,,,,tht,Polarized capacitor,
"D1, D2",2,LED,LED_D5.0mm,,,,tht,Light emitting diode,
J1,1,Conn_02x03_Odd_Even,PinHeader_2x03_P2.54mm_Vertical,,,,tht,,C492420
R1,1,1K,R_Axial_DIN0204_L3.6mm_D1.6mm_P7.62mm_Horizontal,,,,tht,"Resistor, US symbol",
"R3, R4",2,220,R_Axial_DIN0204_L3.6mm_D1.6mm_P7.62mm_Horizontal,,,,tht,"Resistor, US symbol",
RV1,1,50K,91AR50KLF,,,,tht,RK10J11E0034,C470643
SW1,1,SW_SPDT,SLW-864574-5A-RA-N-D,,,,tht,"Switch, single pole double throw",
U1,1,LMC555xM,SOIC-8_3.9x4.9mm_P1.27mm,,,,smt,"CMOS Timer, 555 compatible, SOIC-8",
