﻿pos_x,pos_y,rotation,side,designator,mpn,pack,footprint,value,mount_type
62.484,-64.516,-90.0,bottom,A,,,R_0603_1608Metric,R_0603_1608Metric,smt
84.328,-83.74,90.0,top,BATTERY1,,,CONN3_1775485-1_TEC,1775485-2,tht
53.88,-76.2,90.0,top,C1,,,CP_Radial_D5.0mm_P2.00mm,10uF,tht
83.566,-60.96,180.0,top,D1,,,LED_D5.0mm,LED,tht
48.26,-60.96,0.0,top,D2,,,LED_D5.0mm,LED,tht
71.628,-64.516,-90.0,bottom,E,,,R_0603_1608Metric,R_0603_1608Metric,smt
68.58,-64.516,-90.0,bottom,F,,,R_0603_1608Metric,R_0603_1608Metric,smt
65.532,-64.516,-90.0,bottom,G,,,R_0603_1608Metric,R_0603_1608Metric,smt
63.65,-86.36,-90.0,bottom,J1,,,PinHeader_2x03_P2.54mm_Vertical,Conn_02x03_Odd_Even,tht
59.182,-64.516,-90.0,bottom,M,,,R_0603_1608Metric,R_0603_1608Metric,smt
77.47,-71.12,-90.0,top,R1,,,R_Axial_DIN0204_L3.6mm_D1.6mm_P7.62mm_Horizontal,1K,tht
69.85,-68.58,0.0,top,R3,,,R_Axial_DIN0204_L3.6mm_D1.6mm_P7.62mm_Horizontal,220,tht
53.34,-68.58,0.0,top,R4,,,R_Axial_DIN0204_L3.6mm_D1.6mm_P7.62mm_Horizontal,220,tht
55.88,-88.9,90.0,top,RV1,,,91AR50KLF,50K,tht
74.676,-64.453,-90.0,bottom,S,,,R_0603_1608Metric,R_0603_1608Metric,smt
74.64,-96.52,0.0,top,SW1,,,SLW-864574-5A-RA-N-D,SW_SPDT,tht
77.724,-64.453,-90.0,bottom,T,,,R_0603_1608Metric,R_0603_1608Metric,smt
66.04,-76.2,0.0,top,U1,,,SOIC-8_3.9x4.9mm_P1.27mm,LMC555xM,smt
